ID,NAME,FOLLOWER_COUNT,ANSWER_COUNT
20840874,哪些东西买了之后，会让人因生活质量和幸福感提升而感觉相见恨晚？,421573,3942
20894671,日常生活中有哪些十分钟就能学会并可以终生受用的技能？,343832,1554
36546814,有哪些堪称「神器」，却鲜为人知的软件/网站/互联网服务？,451891,2026
22238159,你有什么相见恨晚的知识想推荐给年轻人？,330564,3887
27391031,怎么花最少的钱提升出租屋的格调？,409004,3606
20958648,淘宝上有哪些网购美食？,267112,1604
35216653,有哪些物美价廉的淘宝店值得推荐？,189404,1152
38485891,有哪些好看到让人浑身颤抖、无法自拔、久久不忘的电影？,234052,10957
21758700,Excel 有哪些可能需要熟练掌握而很多人不会的技能？,216430,359
28358499,如何长时间高效学习？,295481,1219
27325912,哪些纪录片让你开阔眼界、增长见识？,222553,2956
22467582,有哪些很重要又被忽视的炒菜技巧？,210305,1423
35112627,有哪些必备的知识技能？,186107,877
28626263,有哪些读书学不来，却很重要的素质？,217942,2683
38501171,有哪些你看过一眼就难以忘怀的句子？,254877,29125
35781319,喜欢宅的人，如何把家里装修成全世界最舒服的地方？,269503,1522
35005800,想要充实自己，有哪 10 本书或者 10 部电影值得推荐？,227909,2133
22292474,哪些实用的小方法、小技巧、好习惯能让人每天进步？,196568,1013
28070036,有哪些可以提升情商、判断力和谈话技巧的书籍？,210008,1156
23933357,淘宝上有哪些很显格调和品味的东西？,146195,419
23136740,有点贵但很值得买的商品有哪些？,211000,1760
24399575,有哪些价格不贵格调又高的家装家居？,180262,483
23271389,有哪些出租屋实用神器？,192980,655
20535575,有哪些书适合每天睡前读，有趣又能学到知识的？,167103,1722
20381470,体质极差的人该如何从头开始恢复身体素质？,190673,1109
23054572,有哪些 100 元以下，很少见但高大上的物件？,205267,679
24269892,现实可以有多美好？,137987,9269
22390958,有哪些让你相见恨晚的化妆品和护肤品？,213485,2116
20250029,男生如何找准自己的穿衣风格，提升衣着品味？,149202,528
27712663,如何让自己变得更加优秀？,162228,1321
35667984,减肥对外貌的改变有多大？,156690,5214
38632401,有什么知识，你知道后你的世界马上就不一样了？,152097,1893
20846401,哪些技能，经较短时间的学习，就可以给人的生活带来巨大帮助？,130127,1111
19855515,国内有哪些冷门但有特色的旅游地点？,201582,1477
21274267,怎样做出优秀的扁平化设计风格 PPT 或 Keynote 幻灯片演示文稿？,124843,185
19761485,如何改掉晚睡强迫症？,159051,4288
22618603,有哪些「百元货」可以有效提高生活质量？,157623,768
21423568,如何布置独居小房间能惬意地生活？,134666,528
35886615,有哪些「知名度不高，质量却很好」的品牌？,145257,1116
21509929,日本哪些化妆品护肤品特别好？,145554,658
27702564,每天坚持英语学习为什么还是学不好？,136389,1224
26457306,有哪些有用的人际交往小常识？,254417,1965
36243693,你听过最酷的一句话是哪句？说这句话的人也一样酷么？,110654,12068
35414364,有哪些令人清醒的句子？,143582,4637
30018273,有哪些让你相见恨晚的 PPT 制作技术或知识？,146797,330
19553905,如何增加一个人的自信？,157913,3732
35931336,你写论文时发现了哪些神网站？,164105,470
29064753,长大以后，你悟出过哪些不一样的道理？,171250,9022
19647535,旅行时如何拍出不那么「到此一游」的照片？,142001,1880
38244425,有哪些让你「心上开出一朵花」的瞬间？,135905,17819
23819007,你有什么道理后悔没有早点知道？,464564,18532
22867272,如何变得会聊天？,215520,1659
41365485,有哪些典型的「学生思维」？,242743,3801
37167038,你的每日私人成长暗器是什么？,147389,1657
23802668,有哪些让你感叹「写出这种句子的人，我十辈子都追不上了」的句子？,292929,21983
20502275,如何系统地练字？,132235,427
31476726,你的手机上有哪些有意思的 APP ？,184244,2227
28094932,人到底可以有多坏？,140322,7222
37374497,人类都有什么细思极恐的细节？,180607,13097
31637529,有什么道理是开始注重外表几年后才能悟出来的？,239839,3227
24326030,你是通过什么渠道获取一般人不知道的知识和信息的？,161800,672
29265697,有哪些有趣的小家具？,118383,340
24708380,有什么地方让你觉得「哪怕只为了吃都值得特地跑一趟」？,138559,3068
28594126,长时间坚持健身能在一定程度上改变容貌吗？,119817,2603
28902940,有哪些瘦腿的方法？,135952,921
20872048,男生如何学习服装搭配？,122938,720
29125576,有哪些令人拍案叫绝的临场反应？,118545,3073
33449950,有哪些你第一眼看到就爱上的句子？,172948,11062
35811067,有哪些好看的高智商悬疑电影？,136627,1782
26560512,学霸们是如何高效率地学习、工作、生活的？,126574,461
36255080,一个人可以 DIY 出什么有意思的东西？,208419,4215
22921426,要怎样努力，才能成为很厉害的人？,158026,1596
22913650,人这一生为什么要努力？,163184,8846
37206525,有没有一部电影让你在深夜中痛哭？,158618,17907
39367879,哪些撩妹的骚操作让你久久不能平复？,134461,5694
25378124,同一个人，体重 120 斤和 100 斤的世界是完全不同的吗？,136888,6126
23913984,哪些思维方式是你刻意训练过的？,254438,3160
22347626,做哪些事情可以提升生活品质？,120308,1841
22613022,哪些纪录片可以称为「神作」？,144226,1398
24242117,有哪些既高大上又简单的家常菜？,123561,700
26462748,有哪些网购能买到的冷门却有趣的东西？,122421,310
21652570,女生应该怎么穿衣服既低调又不俗气？,118335,621
40498719,有哪些事情使你意识到「思维的局限性」？,96050,2556
23151702,男女交往最忌讳什么？,102363,2666
26092497,女生如何健身，才能做到穿衣显瘦，形体优美？,117210,284
24317199,有哪些合适年轻人的服装品牌值得推荐？,99211,456
26811466,有哪些生活小习惯，慢慢地可以改变一个人的性格或者生活？,108195,955
22666792,哪些消费不高且免签的国家适合旅行？,153887,562
20395761,成长过程中，哪些道理让人懂之恨晚？,122391,4724
23111201,世界上正在发生着哪些国内少有人关注的重要变革？,173936,778
23043155,有哪些 1000 元以下，很少见但高大上的东西？,81447,339
20687290,没有锻炼基础的人，如何增肌与减脂？,106088,596
25699277,有哪些电影一定要趁年轻看？,161436,3208
39731953,有没有一张图片让你瞬间明白了什么叫「气质」？,140164,11917
21100397,如何才能拍出一张特别好看的自拍照？,101832,1723
25695608,约会时除了吃饭看电影还有其他推荐吗？,147486,2145
20097263,怎么练好英语口语？,133926,893
31914864,思念到极致是什么感觉？,110253,18492
36688754,减肥期间有哪些低脂又好吃方便的东西？,144321,1447
37050422,月入十万，难吗？,138896,4158
20556024,国内有哪些尚未过度开发的景点值得一去？,103771,1240
27346629,好友间的关系是如何变淡的？,125106,12362
36918815,有哪些爆笑恶搞的电影，能把人笑爆炸的那种？,136438,1468
23421866,哪些专业问题在本专业是常识，但在日常生活中却不被人所知？,78890,1943
37248069,有哪些令人拍案叫绝的推理桥段？,302024,12608
20151457,二十多岁该做什么，将来才不后悔？,89993,1492
20317867,关于房间的整理与收纳，有什么好的建议？,110416,917
20765142,女孩子平时在家里有哪些健身锻炼的好方法？,91039,436
19869956,有哪些简洁的人生建议？,98215,2924
20406962,你最孤独的时刻是什么？,128893,32575
24114669,如何系统地学习股市？,94641,722
22706323,那些年入上百万的人是如何做到的？他们的平均年龄是多少？白手起家的到底多不多？,76785,627
22614212,为什么现在很多年轻人愿意到北上广深打拼，即使过得异常艰苦，远离亲人，仍然义无反顾？,105320,5287
32189846,有哪些外行人看来很蠢的设计实际上却是精妙无比？,199402,3837
25493003,女生需要哪些基础款鞋子？,103462,644
27593570,每天花费八小时或以上，在 15 - 20 天内能学会或完成的事有哪些？,83731,489
27755599,什么叫做内心强大？怎样变成一个内心强大的人？,93847,3230
31784351,哪些文字绝妙到「一句话就是一个故事」？,135166,16289
19866127,有哪些让你感触很深的陌生人的事？,87430,8798
26530272,有没有一些简单好吃又健康而且适合在家做的甜品？,94737,808
30744932,有哪些适合居住一周的旅游小镇？,109023,1094
28255870,哪些习惯让生活更简洁高效？,91192,674
20406019,单身职场人士如何利用晚上八点到十点这段时间自我提高？,110922,1147
33555626,有哪些十分惊艳的书值得推荐？,177433,3557
37616118,你经历过哪些事情让你觉得对方「不愧是老手，有智慧！」？,85147,1351
36343659,有哪些人际关系方面的小技巧可以保护自己？,178101,1833
26398755,为什么部分人友善且独来独往？,106637,7552
36172373,你们身边真实发生的最可怕的事情是什么？,137021,7641
27726057,你最喜欢的故事是什么？,214928,6460
35634268,你家的装修是怎样的，共花费多少？,246496,2102
30203356,高度自律是一种怎样的体验？,106164,1169
40646841,最让你震惊的一宗杀人案件是什么？,259243,9416
35874887,大神们都存着哪些图片以做回复之用？,83211,890
30277318,中国真的有很多穷人吗？,108389,8811
20024970,对你职业生涯帮助最大的习惯是什么？它是如何帮助你的？,85545,892
20603837,商业分析能力是怎样炼成的？,97897,316
19829805,你必讲的笑话是哪个？,105665,2554
41799510,你心中一直告诉自己的话是什么？,85121,11854
29064178,什么样的能量才能支撑一个人走过人生的低谷和迷茫？,122589,5113
19552586,最适合在办公室吃的零食是什么？,83997,1282
24023171,一个人旅行有哪些必备神器？,90828,949
29083850,不上健身房，有哪些即使在家完成也能有好效果的健身方式 ？,89681,629
29447490,你的私人书单是什么？,103182,1597
36978617,你们见过最好看的家装是怎样的？,128951,771
23147527,有哪些包装方法让礼物瞬间高大上？,76182,325
30901993,什么话是你当时不懂，后来顿悟的？,68370,3597
38411883,有哪些知道后让你震惊的冷知识？,174138,3709
22632958,哪些礼仪是一个人必备的？,119148,1210
35720340,哪个瞬间让你突然觉得读书真有用？,271022,18700
30178891,有哪些让人欲罢不能的学习方法？,188343,1004
28882548,有哪些非常好看、质量上乘，但在国内缺乏关注的美剧？,96039,1985
20228439,有哪些不为外行所知的好产品或好品牌？,79749,411
31819714,有哪些很漂亮而且做起来比较方便的美食？,74007,654
31805456,没钱的女生要注意哪些细节才不会被觉得很 low ，上不了台面？,77661,3640
21540223,天涯和猫扑上有哪些顶级好帖？,73927,231
37120133,日本究竟发达到什么程度？,101828,2763
36267481,有哪些小技能是可以通过闲暇时间学到的？,126429,591
29653125,你经历的最让你觉得人心可怕的事是什么？,91267,5989
30026173,有哪些读上去文艺而有韵味的句子？,151091,4374
36218460,那些曾经轰动一时的新闻事件，都有哪些后续发展？,113704,1478
22590902,如何白手起家挣到一百万？,126544,2557
33474046,销售最厉害的招数都有哪些？,104624,1033
37271601,有哪些「看似复杂，实则简单」的PS技巧？,130798,297
19965010,不同行业的真实工作是怎样的体验？,94054,599
33220674,我们是怎样一步步地走向平庸的？,86882,2304
22256995,有哪些打动过你的广告？,73665,5318
31453881,怎样在一个暑假内变美？,97730,910
20921841,提高手机摄影水平，有什么心得？,100481,801
30396590,淘宝上有哪些好看到爆的女装店？,200573,1559
26530769,有哪些有利于人保持年轻、健康、漂亮的状态的细微的好习惯？,148042,1187
22825765,不会搭配服饰的女生如何开始系统地学习服装搭配？,95005,453
26833590,你在人际交往方面吃过哪些亏？,93923,1233
31755025,有哪些冷门却好用的东西可以网购？,95569,202
27936753,有哪些相貌平凡的人穿出衣服品味的例子？,74136,610
25365330,哪些事做起来无聊但坚持越久意义越大？,105383,1625
37496011,你听过的最能引起共鸣的话是什么？,152629,11197
29488284,跟优秀的人相处是种怎样的体验？,69579,1695
26702926,淘宝上买衣服，怎么买出质量，穿出品位？,72378,370
29762631,历史上有哪些很厉害的骗局？,86605,2205
19732277,应该清楚男友哪些方面才能结婚？,86642,1183
39501641,被不会撩妹的男人强撩是什么体验？,122187,10969
20732514,知乎上有哪些关于书籍推荐的好问答？,80472,80
28484672,如何辨认身边的聪明人？,99642,1499
26039287,装修有哪些建议？,89130,751
22737806,遇见一个合适且长久的人有多难？,80685,3254
20354735,有哪些不起眼却非常赚钱的行业？,327697,5477
23444019,23 岁到 35 岁该如何实现资产增值？如何不陷入结婚生孩子买房的恶性循环中？,69081,459
21368231,自控力极差的人如何自救？,104047,902
38708083,活在中国，你感觉这个国家最让人不解的是什么？,143816,14864
28058827,面试者如何回应面试官问的「你有哪些要问我的？」？,81272,800
23009666,知乎上关于男士的精彩问答有哪些？,62608,17
35242408,拥有丰富的表情图是种怎样的体验？,67857,1361
19599216,如何提高逻辑思维能力？,101104,485
23325996,100 元以下的价位有什么好喝的酒？,90698,1268
19985122,怎样纠正成年人驼背、耸肩的体态？,93393,669
19597380,你的第一桶金是如何赚到的？,84764,1852
23010225,你遇到的最文艺的一句话是什么？,88316,7013
20136746,有哪些适合大学生浏览的网站？,66542,571
20611196,女孩如何培养穿着打扮的品味？成年后，如何继续提升？,67142,348
25950263,30 平米的房间中放哪些简单便宜的东西，可以帮助提升情调？,75573,468
28656794,坚持跑步到底有哪些改变？,100029,4002
22515987,做饭给自己一人吃，如何最快速，且营养有保证？,91647,884
26663467,如何让下班之后的生活变得丰富多彩、健康积极？,75329,892
31377684,你在知乎收藏过的最好的答案是什么？,72296,160
38437324,旅行拍照穿的超好看（上镜）的衣服有哪些风格？,94842,1127
28866004,你听过最心酸的一句话是什么？,96200,14018
20829553,女生化妆如何入门？,90896,329
26677313,你有什么相见恨晚的英语学习方法？,101442,758
22295122,在清华北大或者其他顶尖985 院校，到底存在不存在智商被碾压这回事？,75900,1604
26613082,减肥成功是什么感觉？给生活带来哪些改变？,173639,11445
26980862,什么是「穷人思维」？,76049,2079
39284255,女孩子究竟是怎么由丑变美的？,137952,6500
24278285,女生怎么穿会比较帅气？,90485,2825
20875474,什么是爱？爱一个人是什么感觉？,86171,12504
28599578,如何恰当地表示愤怒？,68573,1726
19942068,网络上有哪些免费的教育资源？,100723,314
23475328,你是如何强迫自己不断学习提升的？,76417,1623
36966208,90 年前后出生的人现状如何？,53223,5045
28209703,一个女孩要怎样才算得上精致？,72362,1238
30994199,有哪些好看的负能量电影？,95139,2951
20057894,如何维护长期的恋爱关系？,89454,1233
23021337,富人的思考方式是什么？,53738,506
28125763,淘宝上有哪些「神店」？,85459,471
27652145,新手化妆怎么起步？,87424,369
20443747,哪款洗发水比较好？理由是什么？,63452,768
27353387,有哪些细微但是高效有用的习惯？,112467,852
20727176,有哪些值得推荐的中文字体？,73559,457
29364545,有哪些打动人心的常被单曲循环的歌的歌词？,85071,15572
20829729,有什么适合年轻人的简约时尚的手表？,66614,779
30161095,为什么「道理都懂，然而执行力差」的现象如此普遍？,77658,1991
39081910,你做了什么事情让大家笑疯？,106351,8387
38181067,哪句台词你永远忘不了？,78810,11854
37018823,装逼成功是种怎样的体验？,121762,8073
24254745,无印良品（MUJI）有哪些值得买的东西？,70163,566
35564122,年少没多少感觉，长大才恍然大悟、赞叹不已的好书或好文，有哪些？,75205,5301
41594591,有哪些颜值爆表的撩妹零食？,105889,722
26009615,有哪些鲜为人知，但是很有意思的网站？,103870,432
31138419,女性由丑变美是种怎样的体验？,71917,4026
20619895,给大学生拟一份通识教育书单，哪些书可入围？,72996,388
20772002,有哪些工具或者软件堪称神器？,89808,760
20237807,知乎在各个领域有哪些值得关注的用户？,62481,157
38894510,人可以多幽默？,76788,1622
21018000,什么是「不会聊天」？不会聊天怎么办？,73428,895
33971854,为什么毕业三四年之后，同学之间的差距会越拉越大？,135059,3500
21939978,iPhone 拍照有哪些技巧？,75452,294
20532926,知乎上的高质量回答提供者们是怎样搜集资料的？,56808,88
31809134,孩子需要经历些什么才会明白学业的重要性？,66828,2083
31524027,你见过最人性化的设计是什么？,86479,2171
31280604,认为「只有我完美了，别人才会喜欢我」的想法有什么错误，该怎么解决？,64818,2718
31027404,通过跑步瘦下来是种怎样的体验？,110333,3469
36085845,中国现在有哪些值得骄傲的方面？,76483,4135
28323744,有哪些好看极简的手表？,76657,863
28259314,如何让皮肤变好？,91229,940
39420364,过去的五年（2011～2015）你经历了哪些重要的人生节点？对现在有哪些影响？,58078,3510
26980854,什么是「富人思维」？,145947,2857
22718708,如何让 PowerPoint 幻灯片「高大上」？,57636,130
27648526,哪些地方适合一个人旅行？,93199,1283
20883403,如何做到长时间（4 个小时以上）精神专注？,89016,1239
20785337,贫富人家的孩子在思维方式上有差异吗？,57168,1883
20495563,为什么有的人没有恋爱需求？,97122,11997
27355234,恋爱中有哪些博弈？,76278,773
20220020,跟别人聊天，没有话题，怎么办？,81880,406
39295324,有哪些布局精心、长久的骗局？,84006,2064
28389376,颜值中上的女生外在上可以从哪些方面提升形象？,85128,447
23252705,住过几年的房子，有哪些简单的改造、装修能大大提升幸福感？,75882,615
24544386,有哪些高级的英语表达技巧，让人一听就感觉很地道？,76554,375
37174334,在中国，英语流利能给个人带来多少额外的收益？,67461,868
24718096,中国菜可以有多好吃？,78384,3062
29174887,20 岁女生怎么买到有档次而不奢侈的衣服？,66912,539
39319905,你是怎样通过学习改变命运的？,56514,2364
28778713,你是如何从两千多只股票中选出心仪的股票的？,62289,905
22566396,哪些 iOS 应用让你用了很满意并能提高生活质量？,59202,473
31950251,淘宝上有哪些 9.9 包邮的好东西？,81630,358
27621722,利用爬虫技术能做到哪些很酷很有趣很有用的事情？,74625,658
40155967,你听过哪些赚钱的歪点子？,114934,2838
23171083,有哪些堪称神转折的故事？,114456,4209
22716525,很瘦的人该制定怎样的健身计划？,69723,468
19602183,人最重要的能力是什么？,89793,4305
25274050,女装里有哪些必备的单品？,57960,389
24230372,为什么有的人好像什么都知道但现实中却一事无成？,78753,3872
22808635,怎样才能从英语很糟糕的人变成英语很厉害的人？,113309,866
29528198,哪些思维方式令你受益匪浅？,55956,786
24247605,现实可以有多残酷？,52363,1926
26234383,女孩应该知道的妇科常识有哪些？,89972,321
22650133,哪些才艺可以在短期内学会，且易于展示？,88458,628
23238816,如何保持正确的坐姿？,57432,248
39408533,有哪些人堪称「神人」，却鲜为大众所知？,85135,742
38894816,你买的最失败的东西是什么？,90974,6022
29312659,有哪些体现情商低的言行？,73639,4611
26768751,你遇过哪些概率极小的事？,69564,15036
20814703,最能燃起你学习激情的一句话是什么？,92268,5113
23880443,资深驾驶员对新手有哪些建议？,65083,1135
39532486,你遇到过的坏老师可以有多坏？,68923,20107
32300010,在大学里怎样保持饱满的精神状态？,78736,913
24180556,有哪些一天内就能掌握却受用终身的技能？,48606,476
25983698,你见过的情商最高的行为是什么？,82715,1525
21158269,如何用好 Kindle？,75427,426
26380791,有哪些好的网站，让人第一眼看了就怦然心动，流连忘返？,86461,834
27741189,Kindle 有哪些鲜为人知的使用技巧？,82584,335
22945320,有什么可以提高大学寝室生活的质量？,84716,1285
21855830,怎样一步步地培养自己的理财能力？,58881,450
22239539,男生怎么护肤，有哪些护肤品值得推荐？,75425,666

22918070,女生如何健身练出好身材？,92373,585
30550212,如何在家里布置一个实用美观的用于书面工作的工作台？,47331,326
38426540,如何文艺地表达「后来，我想通了」？,53442,5403
22337727,哪些日剧可以称为「神作」？,78087,1918
22592866,男人品位的高低从何处体现？,58190,1237
39829502,你有哪些「当时我就懵逼了」的经历？,97569,5821
30400300,北京有哪些深藏不露的餐馆？,74796,627
37018317,一个人心理成熟的具体表现都有哪些？,105807,3282
26499972,怎么消除脸上痘痘和挤完痘痘留下的斑？,59078,729
24963590,男装里有哪些必备的单品？,60881,227
23617896,女人的温柔从哪里体现？,65626,3305
22034803,好的消费观是怎样的？,68186,1753
41295457,有哪些如「女性突然把手伸进领子，多半是在捞胸罩肩带」的小秘密？,80662,3177
21923064,「上流社会」的生活是怎样的？,55975,1394
34490697,女生需要的基本款的秋装有哪些？,73064,386
35239964,宇宙中有哪些超出常人想象的现象？,75245,674
30603447,贫穷会对人的身心造成多大的影响？,99956,11379
31847982,什么是假性亲密关系（Irrelationship）？,54283,929
20758225,什么鞋能耐穿 5-10 年，并且能够搭配休闲裤和牛仔裤？,45153,382
20357585,如何克服严重的拖延症？,76915,1536
25488688,如何优雅地送妹子礼物？,65953,709
20890735,怎么投资自己？,64702,412
28540682,怎么拒绝自己不想回答的隐私问题？,64886,588
21921531,有什么好用的口红推荐？,74239,1201
22425541,一个人旅行应该怎样自拍？,60319,686
22744751,知乎上关于美食的精彩问答有哪些？,54733,81
22866524,人既然知道努力就可以进步，为什么还是会不努力？,54917,1772
20228128,女生如何找准自己的穿衣风格，提升衣着品味？,72320,309
37904962,你见过哪些令你瞠目结舌的神逻辑？,86849,7619
31637520,丧失了喜欢人的能力是怎样的体验？,116295,12885
37904644,你见过哪些令你瞠目结舌的逗逼？,52127,1755
21660743,你见过哪些相见恨晚，特别好用的厨房用具？,52707,291
40811570,旅行中如何优雅地发朋友圈？,67298,860
28422616,如何评价雾霾调查《穹顶之下》？,41976,1918
26533382,有哪些女生必备，或者相对小众但很好用的物品？,54851,213
27830729,怎样搭配才能显得腿长？,62503,1033
28142056,男生容易被什么感动？,57265,3099
39371344,有哪些 200~500 元的生日礼物值得推荐？,86901,659
36225746,在家装里，最划算的投入是什么？,84445,494
21700285,如何成为一名优秀的女朋友？,52146,1029
29129681,如何对待逐渐疏远的朋友？,80462,4685
22586211,有哪些好玩且耐玩的 iOS 游戏？,62206,1038
20936737,小时候缺爱成年后如何解决？,76770,5619
21295246,怎样才算是成熟的男人？,52260,1645
25533083,女生化全妆分为哪些步骤？,58076,329
39791312,有哪些常人不知道的「常识」？,105661,1677
23684594,得知越来越多的女大学生被包养，已有的价值观开始动摇怎么办？,81456,8527
26647663,哪些书让你觉得真正跳出了思维框架，观点新颖深刻，对你造成了影响？,57550,683
39004511,有哪些年轻人「千万不能碰」的东西？,251405,17315
20926343,有哪些既不贵又实用好看的书包？,55240,524
20664570,曾经拥有的巨大财富一夜之间全部失去，是怎样的经历和感受？,40150,575
37777781,有哪些让你醍醐灌顶的话？,105842,3890
30396333,同样是姑娘，差距为什么这么大？,54941,2775
29517463,土豪可以有多任性？,61842,2214
27475550,国内有哪些非常有设计感的 App？,65454,399
28226992,学生如何在淘宝上买到好看便宜质量好的衣服和鞋子？,199624,1578
29032897,试用 100 字写出一个精彩的故事？,58796,2525
30147821,工作后，你悟出什么职场道理？,153624,4400
30895291,有哪些比较实用又有格调的 App？,54778,529
29598382,你们见过最丑的家装是怎样的？,71610,2570
34430247,作为医生，你有哪些「一般人我都告诉他，但他都不听啊」的忠告？,45802,536
20693323,正确的慢跑姿势是怎样的？,52522,93
30687810,有哪些旅行的细节极大地提升了整个旅行体验？,55927,1052
30171430,比毒品还暴利的产品有哪些？,99233,4431
20777633,如何提高逻辑思维能力和表达能力？,72584,244
26753619,如何成为一个优秀的男朋友？,60144,1447
39314386,你写过或者听过哪些「魔性」的故事？,68115,1098
22638720,中国有哪些逆天的文物？,85696,1153
27032155,20岁做什么，可在5年后受益匪浅？,99834,1284
19564133,男士怎样改进自己的发型？,66638,358
19566985,有哪些提高英语听力的经验和诀窍？,64085,440
35932798,接受自己平庸的那一刻是什么情境？,60476,3106
26802920,为什么有些人不喜欢出身底层的人？,55284,2311
28438145,不同领域的经典书籍有哪些？,49099,1549
26497360,人能控制自己的长相吗？,55197,1133
19725749,如何有效提高情商？,46719,444
20694013,如何克服自卑？,81847,2363
19652019,最让你心动的一句表白语是什么？,70897,6322
36479507,你有哪些买了又买吃了又吃的零食推荐？,89049,1639
20914771,有哪些有趣且不用很大开销的聚会方式？,46138,634
35899680,你们是怎么忍受孤独的？,58833,6397
26844390,你有什么第二职业收入？,44270,426
26513398,你用过什么性价比超高的彩妆及超级无妆感的底妆？,64406,401
38718862,有哪些公司给你留下「还好没去这家公司」的印象？,50909,2440
27486818,知道哪些法律上的小常识可以保护自己？,83177,394
21568734,如何让自己变成一个有品味的人？,44649,584
21350123,你有哪些好吃到吐血的零食推荐？,107069,1330
25113620,为什么有些人会害怕接近自己喜欢的人？,60789,2385
27603318,单身的时候买哪些东西可以提高幸福感以及生活质量？,126631,2749
24327190,有哪些易读的英文著作？,60427,561
34147404,哪些句子拯救了你的英文邮件？,90323,228
38821362,有哪些尚未普及却非常好用的东西？,48335,349
20874441,如何健康有效地减肥？,94213,2095
21149815,最好吃的方便面（包括煮面），是哪个牌子的哪种口味？,67147,2734
29759221,一个精英的诞生，家庭因素有多大？,77611,1805
21905681,世界上最没用的东西是什么？,47389,5920
23561870,生活中你有哪些观人术？,252290,4481
40543633,你认为在我们的周围有哪些很重要却一直鲜为人知的事？,48978,802
36396890,有哪些听起来高大上实际上很普通的东西？,58101,3556
32674678,女生会做饭是一种怎样的体验？,68190,5335
21049171,有品质、有趣、有腔调、有范儿的男生是什么样的？怎么样让自己变成这样？,42758,652
24135104,有哪些有意思的执照值得去考？,69411,441
36556126,名校出身却不从事本专业的毕业生们，你们是做了怎样的选择？,55914,1179
25303181,唱歌时候的气息如何练习？,56315,203
27282113,有哪些看似荒谬，其实很科学的理论？,58345,577
23228246,如何纠正驼背和骨盆前倾？,52471,156
25435876,什么样的讲话算「有水平」？,58547,431
21933888,你和恋人发过最记忆深刻的短信/微信/段子是什么？,48602,4109
29077475,在你的专业里，有什么基础知识是和普通人的认识不相符的？,71483,3806
20058943,网络上有哪些值得推荐的、内容深刻的视频公开课？,48530,132
27509931,有哪些 100 元以下，实用且贴心，用了之后相见恨晚甚至感动出泪的东西？,70498,428
21951125,女生如何不臃肿地穿衣过冬？,52533,1523
22544594,在工作和生活中你有哪些「黑色」的方法、技巧、经验？,42307,260
26931337,女朋友的哪些缺点最让男性受不了？,66760,2945
24550268,上海有哪些深藏不露的餐馆？,44816,299
19895789,你爱上某一个人时，最奇特的一次是因为什么？,43485,4782
25670119,为什么有些人很聪明？他们遇到问题时的思维方式与我们差别在哪呢？,63774,520
33453309,如何从一个空有上进心的人，变成行动上的巨人？,153585,1674
19681562,怎么减肥？ 怎么样在保证身体健康的情况下，有效减少体脂含量？,43180,789
19957581,TED 哪个演讲最打动你？,50836,278
20843119,拍照的时候怎么让表情自然？,68596,826
28056987,男生需要的基本款的鞋子有哪些？,48284,287
34810002,有哪些笑完之后发人深省的笑话？,69530,2576
20462634,考研该怎样准备呢？,83607,815
19926207,知乎上有哪些不错的收藏夹值得推荐？,44281,74
24122524,中国有什么好玩又冷门的城市？,95356,1117
39547745,如何看待 Facebook 上大陆网民用表情图回复台湾网民？,36832,2343
22362283,日本旅游自助会比跟团贵吗？,47050,494
27447181,如何避免化的妆很脏？,48216,285
28923765,人在年轻的时候一定要奋斗吗？,58536,2213
24776539,添置什么东西能够提高家居质感？,63274,435
21738388,有哪些低调且有质感的、性价比较高的小众品牌？,45076,210
19793912,自学日语，从零基础到 JLPT N2 水平需要多久？,65225,491
20225595,未来 10~20 年，哪些行业会快速发展？为什么？,75047,1056
33544394,你认为朋友圈最好笑的「点开全文」有哪些？,45791,1232
31980071,有哪些作品（或事物）看似三观极正，实则三观极歪？,47034,3347
27039705,刻奇（Kitsch）是什么？如何克服刻奇？,43812,1263
39405851,有没有什么撩汉高手的举措让你久久不能平复？,58521,1775
22753039,如何进行系统地拉伸？,55482,68
25075075,3000 块钱能去哪些地方穷游？,52673,669
22337430,若远离酒色，怎么能享受生活的乐趣？,40783,1556
20767147,如何克服自己过于在意别人想法的心理？,45055,1029
28740834,有哪些第一眼就征服了你的句子？,46812,3240
19612472,零基础如何自学吉他？,64579,351
34100208,为什么随着时间的推移，恋人身上的缺点会变得越来越难以忍受？,48394,2437
27914845,Photoshop 有什么技巧让你相见恨晚？,49893,165
20184884,优秀简历要遵循哪些规则？,49736,308
22827881,家居中有哪些设计不合理的地方？,51181,228
27103265,有哪些机智的圆场故事？,55086,1115
25710791,旅行真的能使人改变吗？,49620,3905
21180320,中国互联网有哪些黑色产业链？,49808,276
41380989,每天坚持跑步，或者慢跑真正带给你了什么？,66929,3560
21097892,如何保持精力充沛，有效避免困、倦、疲、乏等不良生理状况？,87021,492
22798242,生活中最让你怦然心动的时刻是什么？,44845,5873
28875177,淘宝有哪些性价比高且好看的男装店？,78769,444
29727952,《红楼梦》中有哪些细思恐极的细节？,59988,1364
22547649,有哪些内容充实、可用来打发时间且会有收获的好网站？,42592,277
36766890,如何不虚度大学的时光？,92941,2589
20830287,出国留学的意义是什么？,47608,1381
22678622,iPad 上有哪些实用得令人惊艳的 App？,53206,162
30375859,从不主动联系是感情冷淡吗？,38399,2895
39957694,眼看着所在行业日渐衰退是种怎样的体验？,42943,1467
33423287,你所见到过的学习最勤奋的人的故事是什么？,45174,726
41119071,不好的运气可以多大程度上毁掉一个人的努力？,42218,2352
26828496,为什么我书读得越多，越看不起周围的人？,64710,7852
23513628,男女交往中男性的核心竞争力是什么？,53720,852
29964630,有哪些像《极简欧洲史》这样好读又深入的历史类书籍？,37740,406
24243644,成年了想投资股票，该如何入门？,46933,823
31818264,哪些行为会让你觉得对方很有教养？,114298,5277
26072319,要想穿衣服好看，男生需要练好哪几块肌肉？,48337,267
20089978,白手起家在我们这个年代还适用吗？是否有人能真正做到？,43507,687
33913345,有哪些小而精致的卧室？,129878,1200
19661829,经济学入门必读书籍有哪些值得推荐？,64373,409
26792975,你认为人性最大的「恶」是什么？,50126,4749
37885340,2015 年你心目中的十大佳片有哪些？,34290,1040
28893681,赚钱的逻辑是什么？什么规律或观念使人与人赚的钱产生了巨大差别？,64056,546
19763541,有哪些快速入睡的妙招？,83034,3716
21388193,知乎都有哪些值得推荐的专栏？,39867,116
20161454,大学四年应当如何度过？,80895,1167
32234146,男孩由丑变帅是什么样的感觉？,37538,1804
20250938,女生怎么追男生？,53346,1385
20499534,如何有效率地制作 PPT？,39566,146
26344285,25 岁，开始害怕 30 岁还碌碌无为，却不知道如何前进，该怎么办？,47023,490
36359696,2015 年「双十一」有哪些值得购买的商品？,31605,402
36734444,有哪些甜炸的让人少女心爆棚的电影电视剧或动画漫画？,50604,2334
23089455,有哪些简单暴力看着很畅快的电影？,40890,822
27104947,有什么适合在家自己做的小零食？,52742,367
26191789,出身富贵人家，有哪些方面值得人向往？,44062,1909
41107678,不会撩汉的人强撩是一种什么样的体验？,49103,3494
38766625,有哪些事让你后来才发觉「好像有哪里不对」？,70985,4251
22524624,听过最落寞的一句话或诗句是什么？,53269,8061
37421031,你的男朋友/老公做过哪些让你少女心爆棚的事情？,78551,5324
34406872,有哪些我们觉得荒谬的事，却有着合理的经济学解释？,49803,585
28544155,你是如何转行的？转行容易吗？,119043,2671
36084748,你有哪些特别的生存法则？,62914,946
28260522,有哪些值得推荐的类似知乎、豆瓣的网站？,40400,171
22423112,有什么话不应该和小朋友说？,38571,1467
38714506,如何让别人心甘情愿地把他所学的教给我？,55298,1966
27776003,努力了七年却依旧被中产阶级家庭子女完爆，我该如何调整心态？,44110,2675
39851186,关于人性，你最想讲的一个故事是什么？,109415,5312
24114364,适合中国人的现代厨房是什么样的？,48672,228
21888681,如何在人多的稍陌生聚会场合表现得自信、自如、外向？,42095,195
26933347,一个人的教养如何体现？,120703,4984
27278398,到底什么叫「爱自己」？,61073,1752
31092804,从事食品行业和餐饮行业的人，不会去吃哪些食品？,117034,2576
22683987,有哪些很好用的小众 app？,110005,1302
23265030,生活中有哪些偷懒技巧？,61190,761
35242211,史书中有哪些细思恐极的细节？,62373,737
20050062,如何瘦小腿？,58819,247
27202393,在庭审中有哪些搞笑、离奇的事？,41120,484
26096314,要想穿衣服好看，女生身上哪些地方需要注意锻炼？,44855,518
35924881,有哪些关于孤独的名言，句子或语录？,51171,4101
24788456,ISIS 是一个什么样的组织？它的资金是哪来的？,37322,160
20867347,怎样的厨房设计是最好的？,50995,286
20783044,贫穷会让孩子感到自卑吗？,65859,14060
36925599,有哪些十三年前（2005 年左右）看似不靠谱的预测成真了？,54635,2961
25955712,当你追求女生时，你们聊些什么？,41276,716
24917544,你生命中最艰难、痛苦的一段日子是如何度过的？,66516,3209
24266716,如何优雅地用一句话表达对一个人的想念？,38787,4010
27309613,有什么用习惯了会重复购买的好物推荐？,53330,424
22790970,如何成为聪明的人？,40971,568
32094733,拥有稀有的姓是种怎样的体验？,94097,32697
19859632,哪些行为容易得罪别人，自己却不容易察觉？,36557,829
29087926,你看过最文艺的一段电影台词是哪一段？,39374,1943
31008989,有哪些鲜为人知的网络冷知识和技巧？,42447,194
22023880,淘宝上有什么东西送爸妈比较好？,36860,337
35215759,生活中有哪些行为是高情商的表现？,63573,1194
39474276,有哪些让你极力想推荐，庆幸读到的好书？,203706,6527
21940510,你每天必读的微信公众号有哪些？内容是哪方面的？,37742,1236
22633562,不浮躁的社会是什么样的？,35103,1599
34011097,如何在大学赚到一万元？,104881,4592
26606388,流落在北京的 80 后北漂们的未来在哪儿？,37176,877
38342690,阅读对人的影响有多大？,43092,3027
36473889,大陆八十年代开放到什么程度？,37688,628
34490046,有什么相见恨晚的零食？,71590,1589
36088643,有哪些优秀的沟通思路？,70102,391
23733875,有哪些好玩的神转折段子？,46959,1622
30877650,「离开」是一种什么样的体验？,56178,7039
21650774,怎么知道自己是怎样的人？,67437,849
25259437,装修全用宜家是否合适？,42717,783
22436320,Coursera 上有哪些课程值得推荐？,44167,84
22690292,为什么现在很多年轻人愿意到发达国家工作或移民，即使过得平淡，远离亲友，仍然义无反顾？,40934,1670
38054671,有什么经济学技巧可以用于日常购物？,49665,345
19964959,怎么确定对方是能一辈子和我在一起的人？,37584,1296
24272298,如何确定你真正想做的事情到底是什么？,39097,394
19568396,你觉得自己牛逼在哪儿？为什么会这样觉得？,37024,1278
22456239,读了很多书，但是都忘掉了，读书的意义在哪里？,78795,6707
22762170,怎么穿出日系风格？,51619,355
34497523,情商低有多讨人厌？,39179,5048
20768038,如何完成标准的深蹲？,43897,103
27004700,如何系统性学习摄影后期调色？,51141,101
27020383,你最勤奋的时候到过什么程度？,68265,1741
37284137,你见过最丑的设计是什么？,87870,6521
31081639,一个人太孤单，养点什么比较合适？,39559,3230
36359987,在校男学生如何才能穿搭得低调又优雅呢？,62885,657
26585277,什么叫做走心的文案，怎么写走心的文案？,47431,520
21189435,真正合理的健身训练流程是什么？,45474,142
26129205,你有哪些回购过五次或五次以上的护肤品？,130036,2765
31168109,如果被困到同一天里，如何跳出时间循环？,46061,2395
23329386,人在什么时候最舒服？,34031,7925
28204924,淘宝上有哪些商品能让你感叹「啊，万能的淘宝！」？,88160,1679
26814125,你是如何将词汇量提升到 2 万，甚至 3 万的？,42207,180
36255414,你有哪些相见恨晚的糖？,42518,1165
20376244,如何玩转抓娃娃机？,41105,542
26637558,如何把握住 20 - 29 岁阶段大脑第二次发育和可塑期？,38411,473
39525312,如何帮助这位长期被欺负、群殴，甚至被逼吃屎的同学？,30942,1663
20161362,如何用好谷歌等搜索引擎？,40630,129
24912697,面对他人恶意的言语，如何反应才能显示出高情商？,61073,1153
24678497,有哪些漂亮又好养的植物？,58757,925
21113705,如何欣赏一张照片的构图？有哪些构图强大的摄影作品？,41332,124
20995711,每天和异地女朋友聊天、发短信都能聊些什么呢？,52359,1559
29649338,二十几岁的女生不想穿那些网红卖的衣服，感觉不上档次，也不想选奢侈品，该挑选哪些品牌呢？,92783,686
27513493,努力学习的意义到底在哪里？,88963,3563
22332149,如何设计一张高品位高水准海报？,45284,217
28404866,怎样在一年之内赚到 15 万元？,86012,2076
34164416,在中国做女人是种怎样的体验？,41061,2860
29604768,有哪些作品表面「三观奇歪」，骨子里「三观极正」？,45361,2099
23249047,穿高跟鞋时的正确走路姿势是怎样的？,36476,471
19587555,为什么中国有很多人提倡和鼓励移民？,34601,1419
19740572,怎么才能把英文字写得漂亮？,43307,123
20450897,有哪些好吃的便捷菜谱？,36286,242
20772183,长期跑步如何保护膝盖？,47396,286
26662321,努力就可以上清华北大吗？如果可以，怎样做？,72195,2529
25695922,女生有文化到底有多重要？,42699,1409
34603019,如何打扮才能让不会打扮的女孩变成美女？,52113,605
36217733,你身边有勤奋的富二代吗？,33462,1631
40413045,有什么尖货值得推荐？,31206,168
21102664,什么是气质？如何培养气质？,65693,670
25523892,如何通过短时间交谈和观察判断候选人人格特征和价值取向？,35812,195
36011633,中国现在到底有多强大？,99239,5627
20767176,你最尴尬的一次经历是怎样的？,95173,12784
36296597,你为了追求妹子，都 get 过什么技能？,37281,955
20052781,内向、不善社交的人如何建立人脉？,51476,618
30734817,「字如其人」是真的吗？这能看出什么？,38217,5548
19649819,哪个牌子的防晒霜比较好？,52512,657
22953113,有哪些被埋没了的好歌？,36676,1498
23228162,有哪些鲜为人知却非常有意思、好用的 Chrome 扩展？,44478,400
24407926,一个人生活，怎样才能把日子过得优雅而且有品位？,88543,1266
20137814,怎样写一封得体的电子邮件？,35846,114
36867384,哪些游戏玩物不丧志 、能学到知识？,70595,1970
30610574,哪一款包可以优雅地放入 MacBook、iPad 和一些简单的日用品？,41763,497
36033027,真正地放下，是种怎样的体验？,38632,6739
20874376,如何选择各个价位段的西服？,35789,133
31318753,你在一座城市做过最孤独的一件事是什么？,40636,10606
36539555,有哪些惊艳到你的句子？,205583,12580
20874566,Zara、H&M、GAP 和优衣库各自的竞争优势是什么？,34771,178
26225856,和成熟女人谈恋爱是什么感觉？,44515,1030
24865212,在北上广深打拼的单身年轻人的生活状态是怎样的？,76640,3976
23297146,大学校园旁的奶茶店，位置还行，效益一般，如何改善？,36655,430
29154590,日本到底哪里好？,39574,1279
20434800,有哪些称得上优秀的网络小说？,56268,2911
20688045,你的家装修成什么样子了？有哪些最实用美观的设计或先见之明？,43212,165
22763183,有哪些餐具或厨具可以让人幸福感大增？,43356,326
21996010,优秀的人因为什么原因而优秀？,60071,1051
20030360,你用过的最让你震惊的网站有哪些？为什么？,33592,237
37312904,医生遇到过哪些「这居然都能活下来」的病人？,59984,935
19550362,学习一个新领域的知识的最佳方法和最快时间各是什么？,48439,173
21881838,哪一段话让你有醍醐灌顶的感觉？,35079,334
29896587,男生什么状态才体现出他已经爱上你了？,51298,3299
26014277,怎样拥有学霸那种一学就是十几个小时的精力？,58376,688
41035200,《疯狂动物城》（Zootopia）中有哪些有趣的细节？,31265,1614
31141761,什么时候你会觉得群众是愚蠢的？,81581,6235
20285676,有哪些值得推荐的学习网站？,43743,202
19663468,最容易移民的国家是哪个？,43935,251
20043600,如何逐步地提高自己的意志力？,34343,290
20336230,怎么在淘宝上淘到原单货？,35838,388
35023104,有哪些让你相见恨晚的美容妙招？,169622,1061
19996012,哪些你熟知的重要知识或方法，外人却常常因不了解而陷入困境？,30966,189
36096595,女生冬天该如何穿或搭配裙子？,45970,217
37654401,作为心理咨询师或精神科医生，你看到哪些非专业人士会惊讶的人性秘密？,47923,424
31997695,恋人之间的最好状态是怎样的？,178566,11333
31884662,有哪些没专业知识就 get 不到的笑点？,35849,1654
28783772,生在显赫的家族里是什么体验？,48531,1755
33596037,有哪些你 20 岁之前不信，30 岁后深信不疑且奉为圭臬的话和道理？,36182,1193
30071084,南京和杭州，我应该选择哪个？,35742,1034
23972671,接触人性阴暗面最多的是哪些职业？,48716,1482
23914832,平面设计师是如何找素材的？,40142,174
24636633,恋爱关系中最可笑最心酸的事是什么？,49060,6947
24762672,男朋友生日送什么礼物好？为什么？,54663,1494
27221665,为什么很多人即使工资不高，也要拥挤在大城市生活？,43074,3941
23050480,你用过哪些极其好用的文具？,37385,455
23049278,有哪些比小说更好看的商业故事？,64521,336
20318161,如何快速有效地学习日语五十音？,47728,639
32308302,你听过的最好笑的逻辑反转的笑话是什么？,37136,713
36824276,什么样的男生让你觉得 low 到爆？,92239,11905
20253546,算命先生是怎么帮别人算命的？,31905,602
19730044,如何订机票最划算？,62850,336
24871100,读史时，哪些故事让你动容？,60783,2131
30562488,怎样能让皮肤变白？,58104,610
20931360,衣服的常见面料如何区分，什么样的面料才算好的面料？,37091,70
19939731,如何做出好吃的牛排？,38192,256
35604716,学习英语给你带来了哪些机会？,57774,692
29535185,人际交往中需要避免哪些自身不易认知的不良习惯？,57779,560
35702067,男生十七岁要知道哪些事？,30060,1738
37856401,有哪些结尾惊为天人，开头却很平淡的电影/电视剧/动画/漫画/小说？,31638,2205
27201123,如何保证自己不长残？,37802,577
20770272,如何变成有趣的人？,79769,901
22480996,你的家传祖业有什么精彩的内行故事？,38212,970
26190033,和成熟男人谈恋爱是什么感觉？,34548,1017
23813876,如何做到为人和善又不失强硬？,33332,312
21183629,如何美白？,91353,942
31681497,如何理解「我爱你，我只是不再喜欢你了」？,40099,4508
20636030,你送过或收到过什么特别的礼物？,35834,1684
30770284,网易云音乐有哪些值得收藏的歌单？,55005,477
20233670,和女生聊天如何避免一问一答式的对话？,43761,511
33734678,有什么让你相见恨晚的 iPhone 使用技巧？,62193,741
35903519,在过去的岁月中，你经历过什么样的故事足以温暖你余下的一生？,39877,1463
21128507,为什么富人越来越富，穷人越来越穷？,60366,1988
20666092,怎样的人称得上是个「有趣的人」？,34880,664
21850038,你做过最机智的事情是什么？,45702,2115
30196611,有哪些直戳心灵的情诗？,43361,2730
26004941,有哪些长得比较逆天的动物？,42631,619
29318344,有哪些可怕的故事？,71867,2433
25485795,男生长得难看怎么办？,31258,962
27722576,初入商海的年轻人应该懂得哪些基本的规矩和潜规则？,31392,134
22468846,去哪里找到好看又实用的餐具？,51861,213
20956240,哪本书里的情话最感动你？,64539,3262
28013848,如何高效地使用搜索引擎？,37625,81
31584701,有哪些细思恐极的短故事？,153086,11050
22414663,哪些镜头是演员失误或出现意外成就的经典之作？,44358,524
30785327,两千人民币想出国穷游可以去哪个国家？,42349,1101
39812585,有哪些成本10元以下，能带给人美好享受惊艳感、适合学生和初学者的艺术创意？,38642,394
33510727,被父母暴力对待过的中国孩子也会在成年后出现大规模的心理创伤吗？,34466,4007
22316395,如何用保险保障自己的一生？,81822,410
22537613,有哪些适合男士冬天穿的外套值得推荐？,34213,135
31185847,国际社会中，中、美、俄这类国家有哪些典型的「耍流氓行为」？,60128,720
34493177,有哪些「有它我就能吃两大碗米饭」的菜？,84199,8411
31622137,哪一幕让你觉得生活不容易？,32455,2709
31918396,有哪些关于暗恋的诗句、短文或书籍、音乐、电影？,78174,5477
33987411,有一个有趣的女朋友是种怎样的体验？,41380,2015
19972643,朝鲜是个怎样的国家？,31055,610
22316489,有什么适合成年人玩的智力玩具？,32801,525
24181268,男生怎么样才能留长头发？,47717,3088
30460976,有哪些好看的情侣头像？,65279,3264
30783466,哪些书能看一辈子？,45564,1884
28880482,工作能力强的人有哪些共同特征？,99597,839
32071242,哪些英语用法是普通中国学生最生疏的？,54512,307
36068918,美国究竟发达到什么程度？,48327,1082
21829529,有哪些像《董小姐》《夜空中最亮的星》这样很好听的歌？,29654,1092
19709258,雅思要如何准备？,69626,734
27588491,Excel 到底有多厉害？,65304,256
35323042,如何从根本上提升气质？,42635,975
29298001,两性关系里，身为女人的你最看重的是什么？,33424,1183
20813614,金庸小说里有哪些不易发现却很打动人的小细节？,41159,1617
27297809,怎样用 Mac 和 iPhone 高效学习？,41836,314
37453271,知乎里最让你耳目一新或惊奇到下巴掉到地上的提问是哪个？,34420,219
26854003,字写得好，是种怎样的体验？,48573,3331
20586917,信息图（infographic）是怎么做出来的？,32286,72
34643719,你什么时候被狗的智商震惊了？,65491,5975
36529409,你为了追求汉子，都 get 过什么技能？,32172,1484
27464941,你做过哪些让人吃了赞不绝口的拿手菜？详细做法是什么？,90994,938
25309580,让孩子背诵古诗词、古文有什么意义？,38031,4253
29467612,你遇到过最糟糕的追求方式是什么？,39168,4211
23796174,什么样的女生看起来很干净，很干练？,48004,524
30218924,你在大学里是怎样赚到钱的？,33318,933
28297599,你听过或写过最棒的故事是哪一个？,34728,1140
36651654,你发现了哪些基于个人经验的神秘现象？,40762,4022
37338679,有哪些既美味又健康的食品适合健身和减肥爱好者？,46286,339
40204655,如何看待「女孩跟男友回农村过年，见第一顿饭后就分手」这个假新闻？,26414,4047
37855026,有哪些第一眼就感觉到震撼的图片？,35852,1286
27784404,日常生活中你有哪些能让皮肤变好的小习惯?,169459,1987
27621996,年轻人如何预防和及时发现癌症？,47941,555
21982235,贫穷有多可怕？,93924,9654
21324385,一周之内真的能摸清一个行业吗？如果能，该如何做？,45196,230
21436954,如何改善说话时没底气这种情况？,41397,331
27936550,年收入 15 万元左右的年轻人如何理财？,64869,1237
26157038,有哪些令人动容的遗书、遗嘱、遗折、绝命词？,53196,4957
25504353,经常上知乎会带来什么错觉？,30207,1728
20618648,你遇到过哪些让你眼前一亮、醍醐灌顶或对你改变很大的理念？,31510,669
26441300,比一个人吃火锅更孤独的事有什么？,60088,15848
36246233,做客孩子临走时带走几只玩具，我的孩子抗拒并一直哭，要怎么开导？,40044,9345
26095733,给子女名字没起好会对子女造成多大的伤害？,54954,8341
26678269,有哪些男性认为是「常识」的事情女性会认为不可思议？,58635,1537
29848880,男生需要的基本款夏装有哪些？,34214,197
28387838,如何看待部分海外名牌大学留学生在毕业后不回国效力？,34103,3668
23427617,如何构建自己的笔记系统？,46850,190
19603341,面试的时候，如何自我介绍？,74000,449
20543245,如何判断人的情商高低？如何提升情商？,35901,236
27605852,2015 年全国房价会呈什么趋势？,26225,406
29594460,新海诚风格的画面是手绘的还是 Photoshop 就可以达到的？后期过程是怎样的？,37246,410
20079854,大学和职场脱节在哪里？,35047,672
24153136,日常生活中有哪些可以少走的弯路？,31539,239
33947484,人所能做到的最大的善良是什么？,34838,2574
35269563,大学生日常裸妆/淡妆怎样化？,80570,545
19733182,什么样的简历不被 HR 看中？,36100,239
19980504,如何给美食拍照？,44920,463
20456198,父母有哪些令人难以接受且常见的逻辑或思维模式？,71995,10343
24190182,有什么在私家车上使用的神器或配件？或者是汽车上爆好用的物品？,39054,384
37422532,能很好地控制住自己是一种什么体验？,32816,567
31750592,你们吃过的最好吃的东西是什么？,40643,6775
30166462,日常生活中有哪些致命却易被忽视的安全隐患？,43242,546
36393515,有哪些类似优衣库，主打基础款，款式简单、品质不错的服装品牌？,44731,245
19689722,最好听的情话是什么？,89562,7559
19975029,女性在穿戴内衣方面有哪些误区？如何矫正错误的习惯？,42933,236
29312685,聪明有什么坏处？,41909,3965
37672919,为什么越努力，越焦虑？,96331,3995
31091240,有一个有趣的男朋友是种怎样的体验？,40167,2292
42173009,如何看待 4 月 3 日「望京 798 和颐（如家）酒店女生遇袭」事件？,25085,3085
31232649,过去的十年，你有哪些值得留下的人生故事？,27863,1951
34231281,与性工作者交往，乃至结婚是什么体验？,30501,744
20551945,性格内向真的不好吗？,46469,1503
20407751,如何找到适合自己的发型？,74959,485
29057201,你见过最美好的女生是什么样的？,43486,2419
24937466,长远看，妻子漂亮很重要吗？,42071,2492
20987759,如何为 PPT 找合适的配图？,34092,70
24389300,生活中有哪些令你怦然心动的时刻？,51630,6956
37147220,宇宙中有哪些细思恐极之事？,61906,2170
27920090,如何在一个寒假内变美？,40686,399
26220235,什么样的男人能轻松泡到妞？,50603,2438
21606103,有哪些经典款的女包？,29937,206
33041708,当下中国有哪些反智主义的现象？,58870,2276
21392028,日本有什么物超所值的东西是中国买不到或价格太贵的？,32857,195
40007169,有哪些漂亮的女性剧照或电影截图？,85468,6261
35713706,作为医学生，你经历或老师讲述过的令人印象深刻的病例有哪些？,113735,4761
22052973,如果我来到你的城市，你将带我去哪玩？,30665,1477
19606796,「钻石」是 20 世纪全球最精彩的营销骗局吗？真的没有价值？,35261,882
35713301,外国人有哪些对中国的刻板印象会令中国人大吃一惊？,94654,2872
21149829,什么样的朋友是真正的好朋友？,109595,14014
31044894,有哪些网上自学课程的好网站？,42660,195
20077914,怎样利用 iPad 学习？,41835,242
38200535,成功将装逼的人打脸是一种怎样的体验？,48435,1817
28409136,就 2015 年初而言，国人的审美大体处于一个什么样的水平？,30122,684
22979658,男生如何高效地打扮自己？,58676,376
27705220,月薪 2 万元是一种怎样的体验？,30023,2062
35854666,为什么有的同学家境不是很好，还不用功读书？,37574,2116
37833119,大学读哪些书可以增加知识，或者是提升眼界？,52928,935
27564370,如何去除鼻子上的黑头？,65014,816
27871104,怎样的言行举止可以反映一个人的教养和内涵？,36080,804
26660935,减脂的关键到底在于哪一点？,51819,907
20794842,胖子和瘦子剖开之后的对比真的是这样的吗？,32657,949
19771045,有哪些「早读早超生」的书？,33703,517
35404603,一分钟内编出的离奇故事是什么样的？,30797,1236
19860596,女性性工作者最后的归宿一般是怎么样的？,40975,1398
38408540,热米饭里拌什么好吃？,54306,9649
23147606,大胸如何防止下垂？,45929,620
34643605,有哪些普通大众难知道但医生大多清楚的事？,49585,558
24862754,在北上广深打拼的情侣生活状态是什么样的？,48318,1344
30150181,被传销洗脑是怎样的过程？,39823,1406
23703464,什么是「极简主义」的生活方式？,57342,1308
21663896,在家如何做出美味的火锅汤底、蘸料？,51087,380
28237073,身体上的哪些迹象表明你正在衰老？,61668,7033
30594270,如何健康地丰胸？,49670,834
33241584,中国未来国运如何？,30773,537
20528173,有哪些质量很棒但人气不高的冷门漫画？,29835,1010
35645891,人为什么要善良呢？,39615,5418
34947176,哪些翻译让你感叹「语言是如此之美」？,50961,1808
24957313,有什么细思恐极的图片？（非恐怖）,41509,864
24356875,男生有哪些特质或细节能让女生心动？,33887,1774
28066166,如何评价电影《西游记之大圣归来》？,25261,2619
22845785,哪些行为是浪费时间？,31648,1164
36138449,有哪些令人惊艳的古文？,55430,2438
39248747,你喜欢的让人脸一红的深情句子有哪些？,61313,1875
27278729,你有哪些舍不得删的好电影？,34939,962
35798442,你在旅行途中遇到过哪些感人的人或事？,32377,2672
20282222,怎样认识比你优秀的人并和他们成为朋友？,49059,557
27549647,有人在不经意间或是在世界上绝大部分人都毫不知情的情况下拯救了世界吗？,30406,283
21929143,如何有效地进行资料整理？,30471,86
20899988,如何入门 Python 爬虫？,50010,228
26440561,有哪些值得每天一看的网站？,30568,308
40245582,有哪些类似「西瓜最中间那一口」的美食？,46161,8666
37925102,去过 100 个以上的国家是种怎样的体验？,37682,410
21377595,淘宝网有哪些鲜为人知的使用技巧和功能？,36124,256
21769517,你在淘宝上买过哪些很偏门但是很满意的东西？,29200,217
21726594,同样 25 岁，为什么有的人事业小成、家庭幸福，有的人却还在一无所有的起点上？,26368,788
23523696,有哪些鲜为人知的历史照片？,49915,344
20527159,如何成为一个能独立思考的人？,48772,1023
36215808,牢狱生活是种什么体验？,34580,309
21179967,如何透过身边小事发现某些大趋势？,37340,439
22911902,有哪些歌热血奋发节奏感强烈让人一听就元气满满很想去战斗的？,27558,1367
36864185,历史上有哪些残忍的科学实验？,39275,353
28137174,在和男生交往中，你有哪些建议、经验或教训？,52638,842
28361409,如何在气场强大的人面前做到不卑不亢？,57677,2289
20167345,适合新手的化妆品有哪些​​推荐？,36387,213
24245160,有哪些好看的日常用的杯子？,54817,685
26222059,中国有哪些恐怖的民俗？,38700,1361
24210550,你遇过的最温暖的瞬间是什么？,57912,6868
19637333,备考 CPA 的，有哪些经验可推荐？,63822,459
23093482,生活中有哪些优雅的小动作？,30857,570
21778055,有哪些令人听到就心情大好的歌？,35137,2222
19618421,中国楼市房价是否会崩溃？何时崩溃？,30075,593
25672503,你知道哪些职场上和业务中的阴招、狠招？以及如何应对？,34145,137
40211178,如何评价周星驰导演的电影《美人鱼》？,23900,5675
21790919,经常加班至深夜，怎样才能保持身体健康？,37175,311
34412636,外国人吃火锅是种怎样的体验？,37407,1209
21301154,女生如何选择优雅有品味的职业装？,35986,164
21014693,人生中你经历过哪些顿悟？,37886,1844
22879746,男性有钱到底有多重要？,35635,1695
38051155,是什么经历使你性格大变？,34954,2473
36477152,有哪些说话给人下套的例子？,43029,1077
27292727,女朋友的哪些优点最让男朋友喜欢？,79785,3305
24541935,如何把一张照片用 Photoshop 做成动画背景效果？,31690,238
19832061,23 岁的你，曾处于什么样的状态？现在呢？,28766,2636
20400901,对于二十几岁的人来说，哪些事越早醒悟越好？,30137,707
30276520,二战中有哪些细思恐极的细节？,54547,1044
27195235,那些年骗过我们的名人典故都有什么？,41416,897
38642177,吃的方式能否反映一个人的教养、内涵？,36077,2784
35626056,你遇到过最奇妙的缘分是什么？,32936,4197
30835865,有哪些长期被当做灵异事件，最终被科学解释的现象？,80105,3585
30449928,目前是创业的最好时机吗？,32202,838
26125708,大学里是学业重要还是人际关系重要？大学生到底要学习哪些？,33793,930
19748747,如何开始练毛笔书法？,33212,367
20575650,二十多岁的男生冬天应该怎么穿衣服才会让女生喜欢？,41400,977
20814696,女性怎样才能练出翘臀？,45255,416
20206524,怎样的底妆能做到无妆感，怎样做到裸妆？,44336,286
27004719,毕业生如何在三年赚到 100 万？,37134,1613
25984324,哪些单机手机游戏让你玩两分钟就惊呼「太好玩了」？为什么？,68917,1373
24303670,为什么一些生活中很外向开朗的人会喜欢孤独，经常独来独往？,36736,2396
25857988,请说说你们当初是怎么找到创业的方向的？,65282,839
21691347,如何成为一名优秀的男朋友？,29502,368
37709992,长得好看，但没有男朋友是怎样的体验？,62167,5163
25258775,有哪些票房不高但是非常值得推荐的电影？,26221,535
26649467,你的老板有哪些过人之处？,34534,811
27245009,女生学什么能提升气质？,49679,883
28254054,在和女生交往中你吸取了什么经验教训？,40946,1245
31750074,有哪些适合大学生使用的化妆品？,50466,499
20875371,最值得购买的宜家（IKEA）家具有哪些？,59054,318
36872610,有没有那么一首英文歌让你听一遍就单曲循环了？,45556,3391
21051140,20 世纪 90 年代的下岗潮是怎么回事？,45534,1815
19669880,怎样的房子才算户型方正？怎样的户型是好户型？,36658,186
20469480,有哪些相当好吃的低热量食物？,62145,543
28636966,青春里最残酷的是什么事？,44353,6104
20668955,草根是否可以逆转命运？怎么做？为什么？,30526,460
26102562,你对生活很失望时坚持做了哪件事导致生活发生了改变？,27838,570
22523363,哪些知乎收藏夹关注数超过一万？,31898,19
35233811,新婚家庭可能会遇到哪些典型的，恋爱时不会遇到的问题？,33954,467
23344120,有什么很炫酷的办公桌摆件？,33520,340
24553465,减肥成功的体验和经历是怎样的？,64365,3353
30011350,如何把小户型阳台布置出有情调又不贵？,43455,297
26019573,秋冬季节如何穿毛衣才好看？,38741,279
33282874,你什么时候觉得智商被侮辱了？,67159,4338
22301314,如何在酒桌上较快地与陌生人建立起关系？,26929,94
25097604,男生应该怎么穿衣服既低调又不俗气？,42797,358
39663757,如何评价李毅吧 2016 年 1 月 20 日「出征」Facebook？,23635,1969
29301917,为什么有些男生会对初中高中喜欢过却没有追到的女孩有种超乎寻常的执念？,30929,4127
20309783,哪些国产的小众品牌，你愿以个人信誉推荐？,28904,682
22066113,早餐应该怎样吃既营养又简单而且幸福感暴增？,36112,509
20598040,有什么办法能较快地集中注意力进入状态？,37517,299
22398342,哪些美剧可以称为「神作」？,41592,1322
36417524,你最为珍藏的电影截图有哪些？,58878,3380
19632354,经常晚十二点后睡觉到底对身体有多大危害？,30989,655
19864351,关于化妆品，有哪些不为人知的秘密？,40512,258
22420716,有哪些收拾房间的诀窍？,34518,523
36403476,有哪些高质量的纪录片值得推荐?,54392,1071
19696283,哪些书让你的思想和生活有了自觉的改变？,33991,707
20167901,外行对你熟知的领域有哪些误解？,69805,8070
21112415,什么叫做情商低？,37595,1274
32029119,有哪些听起来或温暖或心酸的情话？,63071,5128
20303161,在家适合怎么做早餐？,34793,671
37217853,你在网盘或硬盘上收藏了哪些让你感到自豪的资料集？,33270,417
25563596,怎么培养自己的女儿？,31400,523
26483956,在英语学习过程中，有哪些书籍让你醍醐灌顶？,40431,250
27169678,知乎上有哪些脑洞开得极好的答案？,26250,51
25709680,有哪些轻、薄，显得时尚的保暖服装？,25879,224
20221715,如何高效地找工作？,55434,361
23315417,学习英语的最系统的方法是什么？,31523,133
25148298,那些在北上广深国外打拼的年轻人们，你们的父母怎么办？,29250,925
34666456,作为 HR，有哪些「一般人我都告诉他，但是他都不听」的忠告？,36560,197
38270275,互相喜欢的人明知不可能有结果，要在一起吗？,42330,5206
20399991,女生的美腿是怎样炼成的？成长期要注意什么？,67828,692
26503253,全球有哪些值得推荐的精品酒店 (Boutique Hotel)？,31713,188
26111474,不断跳出自己的「心理舒适区」真的能够让人们取得更大的成就吗？,32323,850
21358190,为什么说「这个时代，寒门再难出贵子」？,37977,1509
34300919,有哪些风格较为清新的时装品牌？,24966,131
27139507,眉型对一个人气质的影响有多大？如何选择适合自己的眉型？,39232,223
28070701,有哪些有利于学习的 App？,67099,818
29295145,日本有哪些糟糕之处？,43930,1217
40778754,现实中真的有书中所说的那种「绝世美人」吗？,57536,4461
25695912,男生有文化到底有多重要？,53678,1571
20364185,如何做到流畅阅读英文资料和听懂国外公开课？,29484,112
27393115,婚后生活是一种什么样的体验？,28254,856
26680768,你的学校有哪些令你赞不绝口的设计？,32195,3122
24319743,普通人与亿万富翁之间的差距是什么？,36235,1236
21161575,20 到 30 岁男士背什么包比较好？,28118,296
24646386,你在生活中遇到过哪些「扫地僧」式的人物？,42136,1231
20432484,怎样的旅行才称得上「会玩」？,27851,444
19942050,如何成为一个会讲故事的人？,44246,372
24044703,如何挑逗男朋友？,35559,295
21664179,如何在论文中画出漂亮的插图？,39235,177
20416183,你见过的最阴暗的事是什么？,59516,2088
29670223,男生应该怎么搭配衣服？,40076,338
20436327,长时间坐着工作，如何选择舒服的椅子？,32310,270
35727570,你所见过最牛的盈利系统有哪些？,28983,569
27622578,长期早起是种怎样的体验？,29179,1308
30380948,有哪些可以满足中二情结的日常用品？,37298,524
27020239,美国名校学霸们是怎么努力的？,39658,124
19602470,有哪些能提高逻辑思维能力的书或者资料值得推荐？,37665,243
25150363,如何理解「索尼大法好」？,27184,480
28722946,有哪些结局难猜的故事？,48899,1604
27092362,你听过最搞笑的笑话是什么？,35234,1044

29224038,在线教育平台上有哪些让你相见恨晚的计算机或互联网课程？,30479,78
31551594,装逼失败是怎样一种体验？,69616,4696
38166506,有哪些在发达国家很普遍，在中国却行不通的商业模式？,31641,878
39164259,如何在一个月内对 Photoshop 技术有所突破？,38585,229
37148904,为什么大学过的比高中还累？,32896,1978
30062423,有哪些「一张照片，就是一个故事」的照片？,63075,4778
20166937,自学考雅思 7.0，要做到些什么？ 怎么学？,52126,513
25551786,女孩收入达到多高时可以购买奢侈品？,45716,3585
31558327,有哪些知道作者时会吓一跳的熟悉的词句？,27462,899
35586343,你用手机拍过哪些满意的照片？,35008,11687
20509967,怎么学习服装色彩搭配？,31800,154
38624160,有哪些没有十年以上网龄就不会知道的事情？,43012,9674
39057568,你什么时候觉得如果自己不努力，背后会是万丈深渊？,63714,3573
20757251,哪些事情让你觉得「哇！还可以这么干」？,26169,481
38455082,长时间坚持做一件事是怎么样的体验？,65723,2071
26156210,2014 年「双十一」有哪些值得购买的商品？,21962,225
37421586,医生遇到过哪些「这居然都能死」的病人？,92068,2549
23165377,放弃一个喜欢很久的人是什么感觉？,28967,5464
36195435,女孩子要怎么变的更有魅力？,46599,604
21417111,通过哪些专门的发声和气息练习，可以让自己发声既不费力又很清晰通透？,29884,89
27910572,朋友圈里常发什么样的文字图片的人比较讨厌？,31199,2975
20220067,考研英语达到 70 分是个什么概念？什么感觉？,41945,2489
21107187,如何自己制定健身训练计划？,30902,125
35391681,以男生的眼光来看，女生有哪些加分项？,40061,1753
40000616,你听过的最霸气，最有气势的一句诗词是什么？,71627,10833
23879135,如何掌握做超级好吃便当的技能？,49408,233
19820483,26 岁的时候你正在做什么？想要做什么？,24241,1369
26720950,女孩子应该掌握的小技能有哪些？,34636,461
22414130,如何制作出像顶尖咨询公司咨询顾问们那种风格的 PPT？,37813,142
20937691,你认为自己最好的照片是哪张？,23710,1739
27306335,如何更好地控制情绪，不「抬杠」？,32992,782
33457958,知乎上是真的有那么多白手起家创业几年后年收入百万的大神吗？,33245,1171
25867086,一个人在周末可以哪些事？,50344,1313
33110020,有哪些看似精妙实则很蠢的设计？,72402,7389
31457081,放下一个很爱的人是什么心情？,47126,9983
22542607,有什么冷门、小众的爱好？,40841,1038
35318941,真的会有人有某种天赋却被埋没一生吗？,31288,1643
36390957,亚洲有哪些气质超群的女明星？,53482,5780
37273749,你看过的最奇葩的电影是哪一部？,43691,1470
20959982,女生喜欢一个男生的时候眼神是什么样子？,43858,3141
20948601,职场中，哪些习惯、行为或者说小动作会给你减分？,35886,347
30086061,你从第一份工作中学到的最深刻的经验是什么？,27574,1814
19988077,苦难有什么价值？,27315,1493
21172736,参加陌生的聚会有什么技巧吗？,25083,153
37093377,穷养的女孩和富养的女孩的区别在哪？,78176,7802
27463242,你拍过最孤独的照片是哪张？,40004,8160
41822206,有什么笑话可以笑一辈子？,89757,3821
